Account Name (REQUIRED),Website URL (OPTIONAL),Country (OPTIONAL),City (OPTIONAL),Street (OPTIONAL),Stock symbol (OPTIONAL),Zip/Postal Code (OPTIONAL),Industry (OPTIONAL),LinkedIn Company ID (OPTIONAL),LinkedIn Company URL (OPTIONAL)
LinkedIn,https://www.linkedin.com/,USA,Sunnyvale,605 W Maude Ave,,94085.0,Internet Publishing,1337.0,https://www.linkedin.com/company/linkedin/ 
Sony Pictures Networks India (Sony LIV),,,,,,,,,
Disney Star (JioStar / Star India),,,,,,,,,
Zee Entertainment (ZEE5),,,,,,,,,
Viacom18 (JioCinema),,,,,,,,,
Sun TV Network,,,,,,,,,
ETV / Eenadu Group,,,,,,,,,
Network18,,,,,,,,,
Tata Play (DTH + OTT aggregation),,,,,,,,,
Airtel Digital TV / Airtel Xstream,,,,,,,,,
Jio Platforms (Jio Fiber / JioTV / JioCinema),,,,,,,,,
Mediacorp (Singapore),,,,,,,,,
TRUE Visions / TRUEID (Thailand),,,,,,,,,
GMM Grammy / ONE31 (Thailand),,,,,,,,,
VTV Ð Vietnam Television,,,,,,,,,
ABS-CBN / TV5 (Philippines),,,,,,,,,
Media Prima (Malaysia),,,,,,,,,
MNC Group (Indonesia),,,,,,,,,
Trans Media (Indonesia),,,,,,,,,
Singtel / Optus,,,,,,,,,
StarHub (Singapore),,,,,,,,,
Telkomsel (Indonesia),,,,,,,,,
Indosat Ooredoo Hutchison (Indonesia),,,,,,,,,
AIS / True Corp (Thailand),,,,,,,,,
PLDT / Smart / Cignal TV (Philippines),,,,,,,,,
Maxis / Astro (Malaysia),,,,,,,,,
NHK (public broadcaster),,,,,,,,,
Nippon TV,,,,,,,,,
Fuji TV,,,,,,,,,
TV Asahi,,,,,,,,,
TBS,,,,,,,,,
NTT Docomo,,,,,,,,,
KDDI (au),,,,,,,,,
SoftBank,,,,,,,,,
J:COM (cable operator),,,,,,,,,
Hulu Japan / U-Next,,,,,,,,,
KBS,,,,,,,,,
MBC,,,,,,,,,
SBS,,,,,,,,,
SK Telecom,,,,,,,,,
KT Corp (KT Skylife),,,,,,,,,
LG U+,,,,,,,,,
ABC (Australia),,,,,,,,,
SBS,,,,,,,,,
Seven Network,,,,,,,,,
Nine Network,,,,,,,,,
Network 10,,,,,,,,,
Foxtel (pay TV + OTT),,,,,,,,,
Telstra,,,,,,,,,
Optus,,,,,,,,,
Sky NZ (New Zealand),,,,,,,,,
